Link;Título;Valor Alquiler;Expensas;Barrio;Dirección;Metros Cuadrados;Ambientes;Dormitorios;Baños;Cocheras;Años de Antigüedad;Coordenadas;Descripción;Plataforma
https://www.zonaprop.com.ar/propiedades/clasificado/alclapin-departamento-duplex-de-estilo-antiguo-totalmente-55613473.html;Departamento Duplex de Estilo Antiguo Totalmente Reciclado a Nuevo 2 Dorm.;alquiler USD 1.200;Expensas $ 230.000;Barrio Norte;Tucuman  al 1500,  Barrio Norte, Capital Federal;90.0;3.0;;1.0;;100.0;;Tucumán entre Paraná y Montevideo (Barrio Norte. ) Piso 5to. Dúplex antiguo remodelado y reciclado. Super luminoso, amplio y espacioso a metros del teatro Colón, Palacio de Justicia y Av. 9 de Julio.  Super silencioso. Vista abierta muy linda. Ver video del Duplex en el siguiente Link: CI_5jA REQUISITOS DE INGRESO SUPER FLEXIBLES: Solo presentar DNI o pasaporte y constancias de estudios o de trabajo. En la planta alta hay 2 habitaciones, cada una de ellas con ventilador de techo y aire acondicionado frío/ calor y calefacción por piso radiante individual. Cuarto principal con cama matrimonial, segundo cuanto con 2 camas individuales. Esta planta también cuanta con baño completo y lavadero con tender, lavadoras, plancha y tabla para planchar. La planta baja es completamente abierta y cuenta con toilette para visitas, living con sofá y TV conectado a cromecast (también cable HDMI), comedor para 4 personas y cocina. La cocina tiene horno y anafe eléctricos, heladera, microondas, cafetera, tostadora, pava eléctrica y todo lo necesario para cocinar (ollas, sartenes, fuentes de horno, utensilios de cocina, platos, vasos, cubiertos, etc). Además cuenta con un espacio de trabajo con escritorio, silla y wi-fi de alta velocidad. La planta baja cuenta con aire acondicionado grande frío/calor **Todos los ambientes de la casa tienen calefacción radiante individual con termostato para regularla. Precio: u$s1200 que incluye ABL, Aysa y wifi. El inquilino abona expensas ($250.000 últimas de febrero) y la luz. Condiciones: al ingresar se abona mes de alquiler, depósito en garantía reembolsable y honorarios;ZonaProp
https://www.zonaprop.com.ar/propiedades/clasificado/alclapin-av-del-libertador-y-ruggeri-55143622.html;Av del Libertador y Ruggeri;alquiler USD 5.000;Expensas $ 1.339.000;Palermo Chico;Av. del Libertador al 2500,  Palermo Chico, Palermo;417.0;8.0;5.0;4.0;1.0;55.0;;"Piso en edificio de estilo francés, ubicado en esquina, en excelente zona. Palier privado y gran recepción con living apaisado, family en esquina y escritorio. Comedor amplio. Toilette de recepción. Muy luminoso. Cuenta con cinco dormitorios: la suite principal y una segunda suite con salida a balcón sobre Ruggieri; dos dormitorios que comparten un baño; y un quinto dormitorio con salida a balcón también frente a Ruggieri. Todos los ambientes, incluyendo los baños, tienen ventanales y ventilación natural. Aberturas renovadas. Sistema eléctrico modernizado. Cocina de época con comedor diario, dos dependencias de servicio y amplio espacio para lavadero. El edificio cuenta con seguridad 24 horas, cochera y servicios centrales. ""Para los casos de alquiler de vivienda, el monto máximo de comisión que se le puede requerir a los propietarios será el equivalente al cuatro con quince centésimos por ciento (4,15%) del valor total del respectivo contrato. Se encuentra prohibido cobrar a los inquilinos que sean personas físicas comisiones inmobiliarias y gastos de gestoría de informes."" Para más información, llámanos al: + Ver datos . Aviso publicado por Miranda Bosch - Real Estate & Art desde Sumaprop.";ZonaProp
https://www.zonaprop.com.ar/propiedades/clasificado/alclapin-alquiler-almagro-2-ambientes-amplios-55402147.html;Alquiler Almagro 2 Ambientes Amplios;alquiler $ 420.000;Expensas $ 80.000;Almagro Norte;Sarmiento 4075,  Almagro Norte, Almagro;40.0;1.0;;;;45.0;;Hermoso departamento 2 ambientes en alquiler en Almagro Ubicado en Sarmiento y Medrano a metros de Subte Línea B Estación Medrano .Cuenta con amplio Living Comedor , pisos plastificado, con salida a balcón contrafrente con vista abierta con Orientación Norte, 1 dormitorio con amplio placard, Baño completo con ventana. Cocina amplia con lavadero incorporado. POR CONSULTAS Y VISITAS LIDER PROPIEDADES . TEL Ver datos / Ver datos / Ver datos .-;ZonaProp
https://www.zonaprop.com.ar/propiedades/clasificado/alclapin-monoambiente-divisible-en-recoleta-al-frente-con-56023001.html;Monoambiente Divisible en Recoleta Al Frente con Balcon;alquiler $ 380.000;Expensas $ 80.000;Barrio Norte;Anchorena al 1700,  Barrio Norte, Capital Federal;32.0;1.0;;1.0;;35.0;;ALQUILER POR 24 MESES Monoambiente divisible en quinto piso al frente Cocina integrada con anafe eléctrico TODO ELECTRICO Balcon Baño completo con ducha Pisos de parque Termotanque eléctrico. Encargado con vivienda. Aire acondicionado. APTO PROFESIONAL Aysa $16.000 ABL a cargo del locador. No cuenta con espacio para lavarropas Las descripciones, medidas, superficies y proporciones consignadas en esta ficha son aproximadas, sólo se muestran a modo orientativo. Matriculado CUCICBA N°923;ZonaProp
https://www.remax.com.ar/listings/alquiler-imperdible-2-amb-doble-balcon-belgrano;ALQUILER IMPERDIBLE  2 AMB -DOBLE BALCON– BELGRANO;660.000 ARS;200.000 ARS;Belgrano;José Hernández 2500, Belgrano, Capital Federal;47.0;2.0;1.0;1.0;0.0;14.0;;"Alquiler de Semipiso 2 Ambientes con Doble Balcón – Belgrano

Moderno semipiso de 2 ambientes al frente, ubicado en el 6º piso, con excelente luminosidad y ventilación cruzada. Cuenta con dos balcones, uno de ellos aterrado con vista al frente y otro al contrafrente, ideales para disfrutar del aire libre.

Ubicado en el corazón de Belgrano, a solo una cuadra de Av. Cabildo y de la estación José Hernández de la Línea D del subte. Zona inmejorable con múltiples opciones de transporte, comercios y servicios.

Descripción de ambientes

* Living comedor con salida a BALCON ATERRAZADO al Frente

* Cocina integrada, Con anafes y Horno Ariston. Extractor de aire. Todo eléctrico.   
   Conexión para lavarropas

* Dormitorio CON MUY AMPLIO PLACARD, MUCHO ESPACIO DE GUARDADO
   Salida a SEGUNDO BALCON amplio con Tender para la ropa, al Contrafrente

* Baño completo con box de DUCHA ESCOCESA Y TOALLERO ELECTRICO

Agua  caliente central
Climatización por 2 AIRES ACONDICIONADO FRIO/CALOR
 Portero visor y cámara de seguridad


Apto vivienda y Apto profesional
AMOBLAMIENTOS DE CATEGORIA
TODOS LOS VENTANALES SON DVH

Edificio con Doble puerta de entrada
SUM en último Piso


Excelente ubicación, con muy buena conectividad de transporte 
Colectivos: 29, 41, 44, 57, 59, 60, 63, 65, 67, 68, 80, 113, 114, 151, 152, 161, 168, 184, 194
Subte línea D, estación José Hernández 
A 6 cuadras de estación Belgrano R del tren Mitre  Ramales Retiro-Bartolomé Mitre y Retiro-José León Suarez

Para los casos de alquiler de vivienda, el monto máximo de comisión que se le puede requerir a los propietarios será el equivalente al cuatro con quince centésimos por ciento (4,15%) del valor total del respectivo contrato. Se encuentra prohibido cobrar a los inquilinos que sean personas físicas comisiones inmobiliarias y gastos de gestoría de informes.";Remax
https://www.remax.com.ar/listings/alquiler-caballito-departamento-3-dorm-balcon;ALQUILER Caballito Departamento 3 dorm Balcón;1.800.000 ARS;178.000 ARS;Caballito;Viel 300, Caballito, Capital Federal;206.0;5.0;4.0;2.0;0.0;39.0;;"ALQUILER – Departamento en Dúplex con palier privado en Caballito Sur
A solo una cuadra del Parque Rivadavia. Todo luz y sol. Bajas expensas.

Amplio y cómodo departamento dúplex en excelente estado, con distribución funcional, muy luminoso y ubicado en una de las zonas más buscadas de Caballito Sur. Ideal para quienes buscan espacio, comodidad y aire libre sin resignar ubicación.

Primera planta: Piso 5
Ingreso por palier privado. Gran living comedor en L con pisos de parquet y salida a un amplio balcón terraza al frente.
Hall de distribución con espacio de guardado.
Tres dormitorios con placard, con salida a un balcón corrido al contrafrente con vista abierta.
Dormitorio principal en suite.
Baño completo con bañera y toilette de recepción.
Cocina comedor muy espaciosa y luminosa, con lavadero independiente.

Segunda planta: Piso 6
Gran playroom o sala de estar, con salida a un segundo balcón terraza con parrilla, ideal para reuniones o disfrutar al aire libre.
Escritorio o espacio de guardado tipo despensa.
Toilette adicional y baulera.

Ambientes amplios, bien ventilados y con excelente entrada de luz natural durante todo el día.

Ubicación privilegiada, a pasos del Parque Rivadavia, con múltiples líneas de transporte, comercios, colegios y servicios.

Una propiedad que combina comodidad, funcionalidad y calidad de vida.

Condiciones:
Contrato por 1 o 2 años
Actualización trimestral IPC
Comprobante de Ingresos
Garantía propietaria CABA o Seguro de Caución
1 mes de depósito


Para los casos de alquiler de vivienda, el monto máximo de comisión que se le puede requerir a los propietarios será el equivalente al cuatro con quince centésimos por ciento (4,15%) del valor total del respectivo contrato. Se encuentra prohibido cobrar a los inquilinos que sean personas físicas comisiones inmobiliarias y gastos de gestoría de informes.";Remax
https://www.zonaprop.com.ar/propiedades/clasificado/alclapin-departamento-de-2amb-amoblado-en-alquiler-en-palermo-56159949.html;Departamento de 2amb Amoblado en Alquiler en Palermo;alquiler USD 800;Expensas $ 172.000;Palermo;Jose A Cabrera al 3700,  Palermo, Capital Federal;40.0;2.0;1.0;1.0;;10.0;;Departamento de 2amb en alquiler con muebles con zona de palermo. Hermoso comedor con Cocina integrada, balcon, dormitorio con placard y baño completo. El edificio cuenta con parrilla y laundry. Alquiler amoblado a 2 años. Requisitos para alquilar la propiedad: - Un mes de alquiler como depósito en garantía, el cual queda en poder del propietario (y no de la inmobiliaria). - Un mes del valor de alquiler adelantado a la firma del contrato para el propietario. - Garantía propietaria de familiar, de Capital Federal o seguro de caucion. En caso de presentar una garantia, el garante debe presentar una propiedad bajo su nombre y demostrar solvencia económica. Dicho inmueble no puede estar hipotecado, ni ser bien de familia, ni con usufructo.- Gastos: los correspondientes  de la certificación de firmas - Período del contrato: 2 años. - Documentación adicional: recibo de sueldo en el caso de ser empleado, certificación de ingresos. Es importante poder demostrar la capacidad de pago del alquiler En caso de cumplir con estos requisitos comunicarse directamente al 11 Ver datos Yankel Group SAS - Jonathan Saposnik Mat. Nº 6410 (CUCICBA) Matricula de Provincia, a cargo de Laura María Genzano, matrícula N° 657 del Colegio de Martilleros de la Matanza Se deja expresa constancia que las medidas, superficies, m2 y proporciones consignadas son aproximados, al igual que las medidas parciales y/o de los ambientes esta sujeto a verificación y/o ajuste. El valor indicado de expensas esta sujeto a variación. El precio del inmueble puede ser modificado sin previo aviso. Fotos de carácter no contractual Yankel Group SAS - Jonathan Saposnik Mat. Nº 6410 (CUCICBA) Matricula de Provincia, a cargo de Laura María Genzano, matrícula N° 657 del Colegio de Martilleros de la Matanza. Se deja expresa constancia que las medidas, superficies, m2 y proporciones consignadas son aproximados, al igual que las medidas parciales y/o de los ambientes esta sujeto a verificación y/o ajuste. El valor indicado de expensas esta sujeto a variación. El precio del inmueble puede ser modificado sin previo aviso. Fotos de carácter no contractual.;ZonaProp
https://www.zonaprop.com.ar/propiedades/clasificado/alclapin-3-ambientes-con-balcon-al-frente.-muy-luminoso!-56278044.html;3 Ambientes con Balcon Al Frente. Muy Luminoso!;alquiler $ 700.000;Expensas $ 200.000;Belgrano;Santos Dumont al 2400,  Belgrano, Capital Federal;63.0;3.0;2.0;1.0;;30.0;;"FRATELLI GRUPO INMOBILIARIO  11 Ver datos ALQUILA MUY LUMINOSO 3 AMBIENTES!!! Amplio balcón corrido y cerrado. Piso Alto con VISTA ABIERTA. La unidad consta de: Living- comedor (3.20x5 aprox ) con salida a balcón cerrado de 9 mts aprox . Cocina separada con mueble completos y lavadero incorporado. Dormitorio principal de 3.20 x 3.20 más placard.  2do Dormitorio con placard con vista al frente. 1 baño completo. Servicios: Agua caliente central. Losa radiante. A/A en el living. Muy buena Ubicación a media cuadra de Av. Cabildo. A metros del subte D. Estación Ministro Carranza (FGBM). Metrobús. Condiciones alquiler: Plazo a convenir/Actualización trimestral por IPC/1 mes adelantado/1 mes de Deposito en Pesos/SOLO GARANTIA FINAER/ Ingresos comprobables. _______ ""Para los casos de alquiler de vivienda, el monto máximo de comisión que se le puede requerir a los propietarios será el equivalente al cuatro con quince centésimos por ciento (4,15%) del valor total del respectivo contrato. Se encuentra prohibido cobrar a los inquilinos que sean personas físicas comisiones inmobiliarias y gastos de gestoría de informes"".-";ZonaProp
https://www.remax.com.ar/listings/alquiler-departamento-2-ambientes-san-telmo-1;ALQUILER DEPARTAMENTO 2 AMBIENTES SAN TELMO;520.000 ARS;100.000 ARS;San Telmo;Defensa 1200, San Telmo, Capital Federal;40.0;2.0;1.0;1.0;0.0;40.0;;"ALQUILER DEPARTAMENTO 2 AMBIENTES:

CALLE DEFENSA 1200, SAN TELMO

INGRESO AL EDIFICIO CON LLAVE MAGNÉTICA, CUENTA CON RAMPA PARA DISCAPACITADOS Y ASCENSORES.
EL DEPARTAMENTO SE ENCUENTRA UBICADO EN EL PISO 6, CUENTA AL INGRESAR CON EL COMEDOR CON PISOS DE PARQUET, CON SALIDA AL BALCÓN.

A LA DERECHA TENEMOS LA COCINA COMPLETA Y EL PASILLO DE DISTRIBUCIÓN CON MUEBLE EMPOTRADO QUE CONECTA EL BAÑO Y LA HABITACIÓN, LA MISMA CUENTA CON PISOS DE PARQUET Y MUEBLE EMPOTRADO.

BUENA UBICACIÓN A UNA CUADRA DE LA PLAZA DORREGO, A DOS CUADRAS DE PARQUE LEZAMA Y DOS CUADRAS DE PASEO COLON.

CERCANO A ESTACIONES DE SUBTE, MERCADO DE SAN TELMO, MUSEOS Y MAS ATRACCIONES. 
LA CALLE LOS DÍAS DOMINGOS SE TRANSFORMA EN PEATONAL.
Para los casos de alquiler de vivienda, el monto máximo de comisión que se le puede requerir a los propietarios será el equivalente al cuatro con quince centésimos por ciento (4,15%) del valor total del respectivo contrato. Se encuentra prohibido cobrar a los inquilinos que sean personas físicas comisiones inmobiliarias y gastos de gestoría de informes.";Remax
https://www.remax.com.ar/listings/monoambiente-en-alquiler-uruguay-y-corrientes;monoambiente en alquiler Uruguay y Corrientes;380.000 ARS;100.000 ARS;;;30.0;1.0;1.0;1.0;0.0;47.0;;"alquiler de departamento monoambiente situado en Uruguay esquina Corrientes, excelente ubicacion en pleno centro de la ciudad de Buenos Aires.
Para los casos de alquiler de vivienda, el monto máximo de comisión que se le puede requerir a los propietarios será el equivalente al cuatro con quince centésimos por ciento (4,15%) del valor total del respectivo contrato. Se encuentra prohibido cobrar a los inquilinos que sean personas físicas comisiones inmobiliarias y gastos de gestoría de informes.";Remax
https://www.remax.com.ar/listings/departamento-en-alquiler-2-ambientes-en-palermo;DEPARTAMENTO EN ALQUILER 2 AMBIENTES EN PALERMO;690.000 ARS;390.000 ARS;Palermo;Jorge Luis Borges 2100, Palermo, Capital Federal;54.35;2.0;1.0;1.0;0.0;20.0;;"LEER ATENTAMENTE - REQUISITOS DEL ALQUILER:

- POSIBILIDAD DE COCHERA EN EL EDIFICIO

- ALQUILER POR 2 AÑOS (24 meses)

- VALOR DEL ALQUILER: $ 690.000 pesos mensuales  (Expensas $ 390.000 - Abril 2025)

- INGRESOS DEMOSTRABLES del inquilino (recibos de sueldo) por más de $ 2.500.000 pesos. (Pueden sumarse titulares)

- DEPOSITO DE GARANTIA: de U$S 1.000 dólares (se devuelve el mismo importe al finalizar el contrato)

- SEGURO DE VIVIENDA (con cobertura a terceros y linderos) endosado a favor del propietario.

- AJUSTE TRIMESTRAL por IPC

- GARANTIAS, una de las siguientes: 1) Recibos de sueldo de garantes (que superen los $ 2.500.000. 2) Seguro de caución


-------------------------------------------

Descubra este departamento de 2 ambientes ubicado en Borges 2134, en el corazón de Palermo. Esta propiedad ofrece una excelente distribución y luminosidad, ideal para quienes buscan comodidad y funcionalidad en una de las zonas más vibrantes de la ciudad.

Características principales:
* Departamento de 2 ambientes.
* Ubicación estratégica en Palermo.
* Edificio con amenities.
* Ambientes luminosos y bien distribuidos.

Este departamento se encuentra en un edificio cuya entrada principal, visible en la imagen, presenta una estética cuidada y moderna, con un portal de acceso que integra elementos de herrería y vidrio, lo que sugiere un ingreso seguro y con buena iluminación natural.

Al ingresar a la propiedad, se accede a un espacio que integra el living comedor y la cocina, como se observa en las imágenes. El piso es de madera en tonos oscuros, lo que aporta calidez y una estética elegante al ambiente. El living comedor cuenta con una buena entrada de luz natural, potenciada por una abertura de balcón que conecta con el exterior y permite una adecuada ventilación. La iluminación artificial se complementa con artefactos de techo empotrados, que distribuyen la luz de manera uniforme. Este ambiente amplio ofrece versatilidad para la disposición de mobiliario.

La cocina, integrada al living comedor, presenta un diseño funcional con mesadas y mobiliario bajo mesada y alacenas en tonos oscuros, que contrastan con los revestimientos claros de las paredes. Incluye una barra desayunadora que delimita el espacio y ofrece un área adicional para comer o trabajar. Se observa la presencia de una cocina con horno, una campana extractora y espacio para heladera. La distribución del mobiliario permite un uso eficiente del espacio y ofrece buenas opciones de guardado para utensilios y provisiones.

El dormitorio, con acceso desde el living comedor, cuenta también con pisos de madera oscura, manteniendo la uniformidad estética con el resto de la propiedad. Presenta un placard de grandes dimensiones, con puertas corredizas y espejadas que amplían visualmente el espacio y ofrecen una capacidad de guardado considerable. La habitación cuenta con una ventana que proporciona iluminación natural y ventilación. La disposición permite ubicar una cama de tamaño doble y mesas de luz.

El baño de la propiedad, está equipado con sanitarios completos: inodoro, bidet y una ducha con mampara de vidrio, lo que contribuye a la funcionalidad del espacio y evita salpicaduras. El revestimiento de pisos y paredes es de tonos claros, lo que genera una sensación de amplitud y luminosidad. Cuenta con un espejo amplio sobre la bacha y la iluminación artificial es adecuada para el ambiente.

Adicionalmente, se puede apreciar un espacio que podría destinarse a escritorio o vestidor, como se muestra en la imagen. Este ambiente cuenta con un placard de puertas corredizas en tonos claros, que ofrece capacidad de guardado y contribuye a la organización. La iluminación natural se filtra a través de bloques de vidrio que separan este espacio de otro ambiente adyacente, sumado a iluminación artificial empotrada. Este espacio es ideal para un área de trabajo o un vestidor auxiliar.

El edificio cuenta con un amenity destacado: una piscina al aire libre, rodeada de vegetación, lo que crea un entorno agradable para el relax y el esparcimiento, sumando un valor diferencial a la propiedad.

¡No pierda esta oportunidad de vivir en una ubicación privilegiada con todas las comodidades, contáctenos para coordinar una visita y conocer este departamento!
Para los casos de alquiler de vivienda, el monto máximo de comisión que se le puede requerir a los propietarios será el equivalente al cuatro con quince centésimos por ciento (4,15%) del valor total del respectivo contrato. Se encuentra prohibido cobrar a los inquilinos que sean personas físicas comisiones inmobiliarias y gastos de gestoría de informes.";Remax
https://www.zonaprop.com.ar/propiedades/clasificado/alclapin-departamento-en-alquiler-monoambiente-tipo-loft-en-55769463.html;Departamento en Alquiler Monoambiente Tipo Loft en Belgrano;alquiler $ 695.000 36%;Expensas $ 158.000;Belgrano;Manuel Ugarte al 1800,  Belgrano, Capital Federal;55.0;1.0;;1.0;;2.0;;Belgrano                     Gran ubicación, muy residencial, linda y de barrio al límite con el barrio de Núñez, a una cuadra de Av. Congreso, a 3 cuadras de Libertador y a 4 de cabildo conectado con el subte y el metrobus . Edificio de categoría y súper tecnológico con terminaciones excelentes y elegantes Piso entero al frente para exigentes 37 mts cubiertos y 21 metros cuadrados de balcón terraza Es un gran monoambiente, hoy dividido como un 2 ambientes tipo loft. Se alquila amoblado o sin amoblar Ingresamos  a la unidad por hall de entrada que separa bien del resto del ambiente, este cuenta con un gran ventanal de piso a techo haciendo de la unidad hiper luminosa desde su entrada, seguimos al ambiente que es muy cómodo con una cocina incorporada digna de un buen chef con todo lo que tiene que tener y con salida a la terraza, luego el espacio del living es Muy abierto y con salida también al balcón terraza con dos hojas de ventana de piso a techo que le brindan luz sol y amplitud de espacio, después el dormitorio o zona de relax cuenta con gran espacio de guardar y un gran ventanal también de piso a techo terminamos la recorrida con un gran baño completo moderno y luminoso. El balcón terraza merece un un texto aparte son 21 mts, el balcón es ancho y largo con grandes vistas abiertas a la ciudad y al verde de los árboles además cuenta con un duchador para los días estivales y una mesa con 3 sillas para disfrutar del espacio . Toda la unidad está decorada con grandes detalles de terminaciones en sus pisos paredes y espacio en general, guarda elegancia en todos sus detalles El edificio cuenta con cámara de seguridad con toma de fotos de los rostros con pantalla tipo tablet, el ingreso es electrónico y con QR , el ingreso a la unidad es por pin electrónico y traba de seguridad camara tablet en su interior, la provision de agua Caliente es central y la refrigeración y calefacción por aire split. Tasaciones profesionales ( conozca el valor real de su Propiedad ) se deja constancia que las medidas y superficies son aproximados, al igual que las expensas que pueden estar sujetos a verificación y/o ajuste. El precio del inmueble puede ser modificado sin previo aviso, las fotos son de carácter no contractual. CORREDOR RESPONSABLE : LUCIANO  ZUKER MAT. 4081 – CUCICBA;ZonaProp
https://www.remax.com.ar/listings/alquiler-departamento-3-ambientes-villa-crespo;Alquiler Departamento 3 ambientes Villa Crespo;800.000 ARS;170.000 ARS;Villa Crespo;Lerma 0, Villa Crespo, Capital Federal;61.64;3.0;2.0;1.0;0.0;45.0;;"Se alquila hermoso departamento 3 ambientes en el Barrio de Villa Crespo, 2 piso al frente orientacion Este.

El Departamento posee:
*Living comedor con salida al balcon.
*Balcon corrido.
*Cocina con salida al Lavadero 
*Lavadero Independiente.
*Baño recien reciclado.
*Dos Habitaciones con placards incorporados.

Contrato 2 años con ajuste por IPC cada 3 meses

Requisitos:
1 Mes de Adelanto
1 Mes de Deposito.
Seguro de Caucion.


Para los casos de alquiler de vivienda, el monto máximo de comisión que se le puede requerir a los propietarios será el equivalente al cuatro con quince centésimos por ciento (4,15%) del valor total del respectivo contrato. Se encuentra prohibido cobrar a los inquilinos que sean personas físicas comisiones inmobiliarias y gastos de gestoría de informes.";Remax
https://www.remax.com.ar/listings/alquiler-departamento-2-ambientes-en-devoto-1;ALQUILER DEPARTAMENTO 2 AMBIENTES EN DEVOTO;700.000 ARS;220.000 ARS;Villa Devoto;José Cubas 3300, Villa Devoto, Capital Federal;55.32;2.0;1.0;1.0;0.0;8.0;;"Alquiler 2 Ambientes – Villa Devoto
José Cubas 3633 4to piso al frente

Luminoso departamento de 2 ambientes con balcón al frente y detalles de calidad.
Se alquila con o sin muebles (muebles hechos a medida).
Cuenta con aire acondicionado.

Edificio moderno con SUM y parrilla en terraza
Expensas $ 220.000

Condiciones:
Contrato por 2 años
Ajuste trimestral por IPC
Garantía de CABA o seguro de caución
Ingresos comprobables

En el caso de alquilar con muebles: NO APTO MASCOTAS.

Cochera opcional – Consultar valor


El departamento se encuentra en una de las zonas más buscadas del barrio, a pocos metros de Av. Francisco Beiró y a 5 cuadras de la estación Devoto del tren San Martín. Excelente conectividad con múltiples líneas de colectivo (incluidas la 25, 80, 85, 107, 114 y 124) y acceso rápido a Gral. Paz.
Rodeado de comercios, cafés, espacios verdes y servicios, ideal para quienes buscan comodidad y vida de barrio con fácil acceso al resto de la ciudad.

¡NO TE LO PIERDAS!

Para los casos de alquiler de vivienda, el monto máximo de comisión que se le puede requerir a los propietarios será el equivalente al cuatro con quince centésimos por ciento (4,15%) del valor total del respectivo contrato. Se encuentra prohibido cobrar a los inquilinos que sean personas físicas comisiones inmobiliarias y gastos de gestoría de informes.";Remax
https://www.remax.com.ar/listings/alquiler-dpto-monoambiente-divisible-caba;ALQUILER DPTO MONOAMBIENTE DIVISIBLE, CABA;550.000 ARS;;Parque Chacabuco;Avenida Directorio 300, Parque Chacabuco, Capital Federal;35.0;;;1.0;0.0;2.0;;"DEPARTAMENTO MONOAMBIENTE DIVISIBLE EN ALQUILER – 6 D – AVENIDA DIRECTORIO 386 – PARQUE CHACABUCO – CABA

EXCELENTE MONOAMBIENTE DIVISIBLE UBICADO EN EL PISO 6, DEPARTAMENTO D, SOBRE AVENIDA DIRECTORIO 386, EN EL BARRIO DE PARQUE CHACABUCO, COMUNA 7 – CIUDAD AUTÓNOMA DE BUENOS AIRES

ZONA TRANQUILA Y EN PLENO CRECIMIENTO, A POCAS CUADRAS DEL PARQUE CHACABUCO, CON FÁCIL ACCESO A AVENIDAS PRINCIPALES COMO AVENIDA LA PLATA, AVENIDA RIVADAVIA Y AVENIDA CARABOBO. CERCANÍA A ESTACIONES DE SUBTE LÍNEA E Y LÍNEA A, COLEGIOS, SUPERMERCADOS Y CENTROS DE SALUD. MUY BUENA CONECTIVIDAD Y SERVICIOS

CARACTERÍSTICAS DE LA UNIDAD
MONOAMBIENTE DIVISIBLE
AMBIENTE ACTUALMENTE DIVIDIDO
MUY LUMINOSO
COCINA ABIERTA
BAÑO COMPLETO HECHO A NUEVO
DEPARTAMENTO A ESTRENAR
TODO NUEVO
EDIFICIO NUEVO CON ASCENSOR

SUPERFICIE CUBIERTA 35 M2
SUPERFICIE TOTAL 35 M2
PRECIO DE ALQUILER 550000 PESOS MENSUALES
Para los casos de alquiler de vivienda, el monto máximo de comisión que se le puede requerir a los propietarios será el equivalente al cuatro con quince centésimos por ciento (4,15%) del valor total del respectivo contrato. Se encuentra prohibido cobrar a los inquilinos que sean personas físicas comisiones inmobiliarias y gastos de gestoría de informes.";Remax
https://www.zonaprop.com.ar/propiedades/clasificado/alclapin-alquiler-palermo-fitz-roy-al-1900-monoamb-apto-prof.-56339936.html;Alquiler Palermo Fitz Roy Al 1900 Monoamb Apto Prof.;alquiler $ 500.000;Expensas $ 135.000;Palermo Hollywood;Fitz Roy al 1900,  Palermo Hollywood, Palermo;31.0;1.0;;1.0;;20.0;;Alquiler, contrato de dos años ajuste trimestral por IPC.Mes de deposito ,mes de alquiler. Informes de dominio e inhibicion a cargo del inquilino y certificacion de firmas. Garantia propietaria de CABA o,seguro de caucion Finaer.Ingresos comprobables. Monoambiente en alquiler en Palermo CABA, calle Fitz Roy al 1900 ( Palermo Hollywood). 4 to piso con cocina integrada, superficie total 31,42 mts 2. Baño completo con bañadera, balcón a pulmón de manzana muy tranquilo. Recién pintado pisos nuevos. Cuenta con AA y estufa. Apto vivienda y profesional. * La información de la unidad así como las  medidas son aproximadas y orientativas. Las medidas exactas deberán ratificarse con la      documentación pertinente y no comprometen a la empresa.  las mismas surgirán del título de propiedad. En el caso de venta, la misma esta supeditada al cumplimiento por parte del propietario de los requisitos de la Resolución General 2371 de la AFIP. ** Nota importante:  los gastos (expensas, ABL) expresados refieren a la última información recabada y deberán confirmarse. Fotografías no vinculantes ni contractuales.;ZonaProp
https://www.remax.com.ar/listings/alquiler-departamento-2-ambientes-palermo-7;Alquiler departamento 2 ambientes Palermo;400 USD;123.000 ARS;Palermo;Darregueyra 2200, Palermo, Capital Federal;34.0;2.0;1.0;1.0;0.0;47.0;;"Lindísimo departamento Refaccionado en su totalidad.

Es interno, pero muy luminoso tal cual se puede ver en las fotos.

2 ambientes.

Living comedor con ventana al pulmón del edificio.

Cocina,  refaccionada con calefón NUEVO para agua caliente.

Dormitorio con ventana al pulmón del edificio.

Baño refaccionado en su totalidad, con ducha.

Pisos de parquet, pulidos, en excelente estado.

Expensas Abril 2025: $ 123.000.-

Disponibilidad inmediata.

Múdate a la vida que queres!

Palermo es uno de los 48 barrios oficiales de la Ciudad Autónoma de Buenos Aires, Argentina. Está ubicado en el norte de dicha ciudad y en la Comuna 14, ocupando este barrio la totalidad del territorio de dicha comuna (territorios en los que se divide la capital argentina). Con 15,6 km² de superficie, es el barrio de mayor extensión de esta ciudad
Dado el dinamismo del barrio, existen varios ""sub-barrios"" no oficiales determinados por el tipo de actividad que se realiza en esa zona. Las denominaciones están dadas por el uso cotidiano, e incluyen -a modo de ejemplo- a Palermo Soho (polo gastronómico/cultural) y Palermo Hollywood (polo audiovisual)
Para los casos de alquiler de vivienda, el monto máximo de comisión que se le puede requerir a los propietarios será el equivalente al cuatro con quince centésimos por ciento (4,15%) del valor total del respectivo contrato. Se encuentra prohibido cobrar a los inquilinos que sean personas físicas comisiones inmobiliarias y gastos de gestoría de informes.";Remax
https://www.remax.com.ar/listings/alquiler-3-ambientes;Alquiler 3 ambientes;600.000 ARS;150.000 ARS;Caballito;Avenida Directorio 600, Caballito, Capital Federal;52.0;3.0;2.0;1.0;0.0;55.0;;"Alquiler departamento de 3 ambientes
Para los casos de alquiler de vivienda, el monto máximo de comisión que se le puede requerir a los propietarios será el equivalente al cuatro con quince centésimos por ciento (4,15%) del valor total del respectivo contrato. Se encuentra prohibido cobrar a los inquilinos que sean personas físicas comisiones inmobiliarias y gastos de gestoría de informes.";Remax
https://www.zonaprop.com.ar/propiedades/clasificado/alclapin-alquiler-departamento-monoambiente-belgrano-56237192.html;Alquiler - Departamento - Monoambiente - Belgrano - C/amenities.;alquiler $ 550.000;;Belgrano;Montañeses 2200,  Belgrano, Capital Federal;29.0;1.0;;1.0;;;;***KARAS PROPIEDADES*** ESPECTACULAR MONOAMBIENTE EN ALQUILER IDEAL PARA VIVIR O TRABAJAR EN EL BARRIO DE BELGRANO. LA UNIDAD CUENTA CON AMPLIO ESTAS SUPER LUMINOSO CON SALIDA A BALCON CON VISTA ABIERTA A LA CIUDAD, COCINA AMERICANA CON ANAFES Y HORNO ELECTRICO, MUEBLES BAJO Y ALTO MESADA. PLACARD DE GUARDADO Y BAÑO COMPLETO. SE ENTREGA RECIEN PINTADO Y CON AIRE FRIO CALOR. APTO PROFESIONAL Y ACEPTA MASCOTAS. AMENITIES: TERRAZA CON PILETA Y LAUNDRY. DISPONIBLE YA. NO DEJES DE VISITARLO. VISITAS Y CONSULTAS: Ver datos - 4787.3489 *Los valores de expensas y ABL son a modo informativos y los mismos pueden no estar actualizados y variar sin previo aviso*;ZonaProp
https://www.remax.com.ar/listings/alquiler-monoambiente-pb-con-patio-recoleta;ALQUILER MONOAMBIENTE PB CON PATIO  RECOLETA;450.000 ARS;55.000 ARS;Recoleta;Billinghurst 1400, Recoleta, Capital Federal;33.31;1.0;1.0;1.0;0.0;55.0;;"DEPARTAMENTO EN PLANTA BAJA SOBRE LA CALLE BILLINGHURST  ENTRE PARAGUAY Y MANSILLA
AMBIENTE CON PISO DE PARQUET CON VENTANA AL FRENTE 
COCINA CON MUEBLES INFERIORES Y SUPERIORES , TERMO ELECTRICO
BAÑO COMPLETO CON BAÑERA Y MAMPARA
PATIO INTERNO CON LAVADERO

EXCELENTE UBICACION:
TRANSPORTE PUBLICO 109 -39 - 92 - 128 - 188
ESTACION DE METRO LINEA  D 
UNIVERSIDAD DE PALERMO
AV.CNEL.DIAZ
AV. SANTA FE
PLAZA GUEMEZ
HOSPITAL GUTIERREZ 

REQUISITOS:
MES DE ADELANTO 
MES DE DEPOSITO
DEMOSTRACION DE INGRESOS
SEGURO DE CAUCION ( GARANTIA)
CONTRATO POR 1 AÑO
AUMENTO TRIMESRAL (IPC)


Para los casos de alquiler de vivienda, el monto máximo de comisión que se le puede requerir a los propietarios será el equivalente al cuatro con quince centésimos por ciento (4,15%) del valor total del respectivo contrato. Se encuentra prohibido cobrar a los inquilinos que sean personas físicas comisiones inmobiliarias y gastos de gestoría de informes.";Remax
https://www.zonaprop.com.ar/propiedades/clasificado/veclapin-impecable-departamento-en-el-faro-puerto-madero-50198901.html;Impecable Departamento en El Faro Puerto Madero, Capital Federal;venta USD 1.500.000;Expensas $ 1.900.000;Puerto Madero;Azucena Villaflor 600,  Puerto Madero, Capital Federal;233.0;5.0;4.0;4.0;3.0;16.0;;"Superficie: 233 m2 Palier privado con dos ascensores principales. Hall de distribución, a espectacular living comedor y balcón cerrado. Pisos de roble americano. Toilette de visitas. Placard de recepción. 4 dormitorios en suite, (principal con gran vestidor y en el baño: bacha doble, jacuzzi y tanto sanitarios como el box de ducha; están compartimentados). Los otros 3 dormitorios son en suite con placares. Cocina amplia, con antecocina, horno eléctrico y anafe a gas. Comedor diario súper luminoso con vistas a la ciudad. La dependencia de servicio fue modificada como 4º dormitorio en suite. Entrada de servicio con acceso a escalera y dos ascensores Calefacción por losa radiante, con caldera, individual regulable. Aire acondicionado frío/calor por ductos, individual en cada ambiente del departamento. 3 cocheras y 1 baulera. 3º cochera opcional. PRECIO VENTA: U$S 1.500.000 PRECIO ALQUILER AMOBLADO: U$S5.000 más gastos La venta de esta propiedad se encuentra supeditada a la tramitación del COTI Amenities: Piscina cubierta climatizada con reposeras y descubierta climatizada. Área de spa. Salón para 200 personas con entrada independiente con cocina, mesas y sillas, guarda ropa, bar. Sala de juego de chicos. Cancha de tenis. Parrilla. GYM. Cocheras de cortesía. Kinach, Gustavo Luis Corredor Inmobiliario CUCICBA Matricula 1516 Las superficies, medidas y expensas son aproximadas y no resultan vinculantes. Las reales y actualizadas son las que surgen del título de propiedad y recibo de expensas que serán suministrados por el propietario.";ZonaProp
https://www.zonaprop.com.ar/propiedades/clasificado/alclapin-alquiler-2-ambientes-en-puerto-madero-torre-la-prensa-55996553.html;Alquiler 2 Ambientes en Puerto Madero Torre La Prensa;alquiler USD 990;Expensas $ 240.000;Puerto Madero;AZOPARDO 755. Entre Chile y Independencia,  Puerto Madero, Capital Federal;52.0;2.0;1.0;2.0;;10.0;;ALQUILER 2 AMBIENTES EN PUERTO MADERO EN EDIFICIO LA PRENSA Moderno departamento con magníficas vistas a la Ciudad de Buenos Aires Excelente estado , con pisos de primera calidad, trabajo de pintura e iluminación. Este luminoso departamento cuenta con amplios ambientes. Living con grandes ventanales y balcón con deck desde donde se puede disfrutar de vistas abiertas y excelente circulación de aire , vidrios DVH Dormitorio con  placard empotrado de generosa dimensión con  hall intimo que da al  baño completo y al  toilette de recepción con excelentes detalles de terminación y grifería de primer nivel La cocina es espaciosa, contando con conexión para lavarropas  y una funcional barra desayunadora, lo que le otorga un ambiente cálido y acogedor y excelente lugar de guardado tanto en alacena como baja mesada Tanto el living como la habitación principal cuentan con Aire acondicionado frio / calor El complejo ofrece un entorno único, con una ubicación privilegiada, a tan solo minutos del centro y a pasos de los restaurantes, centros de entretenimiento y recreación. Además, el mismo  cuenta con una amplia gama de comodidades y servicios como :  Seguridad  con control de accesos las 24 hrs ,  piscina (para adultos y niños), un gimnasio totalmente equipado, sauna, un salón de usos múltiples con capacidad de 80 personas y micro cine ubicado  en el tercer piso APTO PROFESIONAL ACEPTA MASCOTA PEQUEÑA Esta propiedad cuenta con acceso para personas con movilidad reducida. Contrato por 24 meses Requisitos , mes de adelanto , deposito del mismo valor del alquiler mensual  , demostración de ingresos , garantía de CABA familiar directo o seguro de  Caución Finaer Expensas incluyen Aysa Florencio González Inmuebles PROFESIONAL MATRICULADO: Florencio Miguel González C.U.C.I.C.B.A mat Nº 4718 / Col. Lm. 988 Todas las propiedades publicadas en este perfil se encuentran a cargo del Martillero y Corredor Florencio Miguel González (C.U.C.I.C.B.A mat Nº 4718 / Col. Lm. 988). En cumplimiento de la Ley 10.973 de la Provincia de Buenos Aires, Ley Nacional 25.028, Ley Nacional 20.266, Ley 22.802 de Lealtad Comercial, Ley 24.240 de Defensa al consumidor, las normas del Código Civil y Comercial de la Nación y Constitucionales, los asesores y/o gestores NO ejercen el corretaje inmobiliario. Todas las operaciones inmobiliarias son objeto de intermediación y conclusión por parte del martillero y corredor colegiado, cuyos datos se exhiben en el nombre de la inmobiliaria. Nota importante/relevante: Toda la información y las medidas proveídas son sólo estimativas y deberán corroborarse con la documentación oportuna y no compromete contractualmente a nuestra compañía. Los gastos indicados (expensas, ABL) se refieren a la última información obtenida y deberán ratificarse. Las imágenes publicadas son meramente ilustrativas, no vinculantes y no contractuales. XINTEL(MPI-MPI-5054);ZonaProp
https://www.zonaprop.com.ar/propiedades/clasificado/alclapin-departamento-en-alquiler-4-ambientes-palermo-chico-55186930.html;Departamento en Alquiler 4 Ambientes - Palermo Chico;alquiler USD 2.900;Expensas $ 826.000;Palermo Chico;Castex al 3300,  Palermo Chico, Palermo;159.0;4.0;3.0;3.0;2.0;37.0;;Piso 21. Torre Clorindo Testa  (Arq. de la Biblioteca Nacional, Centro Cultural Recoleta, Banco de Londres entre otras obras) de excelente categoría de 37 años de antigüedad. La torre posee 26 pisos de altura, una unidad por piso, un ascensor principal y un ascensor de servicio. Vigilancia 24hs. La entrada principal se accede desde un sector especial techado en la vereda para ascenso y descenso de pasajeros. o	Funcionalidad: Palier privado, living y comedor amplio con salida a gran balcón aterrazado, hall íntimo con placards, toilette de recepción, dormitorio principal en suite (baño completo con ventilación y luz natural) con vista al río, segundo y tercer dormitorio ambos con placards y con vista al río, segundo baño completo (con ventilación y luz natural), cocina completa con entrada de servicio, lavadero independiente, habitación de servicio exterior con baño (posee  parquet y excelente vista por lo cual puede ser utilizado como escritorio). Doble circulación. o Cochera para 2 vehículos (Nº 13). Ubica en el primer subsuelo por rampa, de fácil acceso y maniobrabilidad o	Orientación: NO (sol de tarde) en living comedor. NE (sol de mañana) en dormitorios. o	Luminosidad: Excelente en todos los ambientes (todos externos). o	Vista: Impactante vista abierta a bosques de Palermo en living comedor. Excelente vista al río desde dormitorios. o	Estado general: Muy bueno. Pisos tarugados en living comedor, pisos de parquet en área dormitorios. Cerramientos con doble vidriado hermético (DVH). La unidad se entrega recién pintada y con todos los pisos pulidos y plastificados. o	Calefacción por losa radiante central. Agua caliente central. o	Expensas (Diciembre 2024) $826.000. AySA: $77.000. ABL: $180.000. “El edificio cuenta con accesibilidad para personas con movilidad reducida (Ley 5115)” Valeria Soldati -CUCICBA- Mat. Nº 7305 Valeria Soldati  - CMCPSI - Mat. Nº 6818;ZonaProp
https://www.zonaprop.com.ar/propiedades/clasificado/alclapin-alquiler-departamento-2-ambientes-en-villa-crespo-56158724.html;Alquiler Departamento 2 Ambientes en Villa Crespo – con Cochera y Full Amenities;alquiler $ 850.000;;Villa Crespo;Thames 56,  Villa Crespo, Capital Federal;55.0;2.0;1.0;1.0;;;;ALQUILER DEPARTAMENTO 2 AMBIENTES CON COCHERA EN EDIFICIO DE CATEGORIA INGRESO INMEDIATO! METRAJE: -Superficie total: 55 m2 -Superficie cubierta: 49 m2. DEPARTAMENTO: -Cocina integrada, todo eléctrico. -Balcón aterrazado al contrafrente, vista al pulmón -Dormitorio con vestidor -El espacio del dormitorio está separado por pasillo con otra puerta -Baño completo -Placard en recepción y en el pasillo distribuidor -Interiores de placard realizados. -Ventanas con doble vidrio -Split aire frio-calor en cada ambiente -Agua centralizada por termotanque -COCHERA, INCLUIDA EN EL VALOR REFERIDO. EDIFICIO: -9 pisos, con 13 unidades por piso hasta el 7mo. -3 ascensores -Gimnasio -SUM -Parrillas -Pileta con solárium -Laundry -Encargado UBICACIÓN -A 450 m2 de Av. Corrientes -A 100 m2 de Av. Juan B. Justo -A 800 m2 de la estación de Subte B (Malabia) -A 300 m2 de la Av. Honorio Pueyrredón VALOR DEL ALQUILER: $850.000 - INCLUYE COCHERA! EXPENSAS: Aún no determinadas, edificio a estrenar. Todas las propiedades que figuran en esta publicación se encuentran a cargo del profesional matriculado Brian David Levi, matrícula CUCICBA 7924, por lo tanto la intermediación y la conclusión de las operaciones serán llevadas exclusivamente por él. En cumplimiento de la Ley 10.973 de la Provincia de Buenos Aires, Ley Nacional 25.028, Ley Nacional 20.266, Ley 22.802 de Lealtad Comercial, Ley 24.240 de Defensa al Consumidor, las normas del Código Civil y Comercial de la Nación y Constitucionales, los asesores o agentes NO ejercen el corretaje inmobiliario. Todas las operaciones inmobiliarias son objeto de intermediación y conclusión por parte del martillero y corredor colegiado, cuyos datos se exhiben en el nombre de la inmobiliaria. Ley 5115: EXCEPTO que en la descripción de la propiedad se indique lo contrario, el edificio puede no contar con rampa para personas con movilidad reducida, y no ser Accesible para personas con discapacidades físicas.- Todas las medidas son aproximadas al solo efecto orientativo. Las medidas exactas serán las que surjan del título de propiedad. Las fotografías y videos no son contractuales. No se encuentran incluidos en el precio publicado los equipos de aire acondicionado, electrodomésticos ni artefactos de iluminación Y/O NINGÚN OTRO ACCESORIO que pudieran estar mencionados en la descripción o ilustrados en fotografías con excepción de los que queden expresamente identificados en la reserva a conformar entre las partes. Si hubiera valores de expensas y/o impuestos detallados, los mismos son aproximados y sujetos a modificación. NK;ZonaProp
https://www.zonaprop.com.ar/propiedades/clasificado/alclapin-1-ambiente-dividido-balcon-cocina-separada.-55745906.html;1 Ambiente Dividido - Balcon - Cocina Separada.;alquiler $ 370.000;Expensas $ 72.000;Palermo Hollywood;RAVIGNANI, EMILIO 1392. Entre Vega, niceto, cnel. y Cordoba, avda.,  Palermo Hollywood, Palermo;25.0;1.0;;1.0;;45.0;;Alquiler de Departamento MONOAMBIENTE en Palermo Hollywood, Capital Federal 1 AMBIENTE DIVIDIDO - A LA CALLE - MUY LUMINOSO - BAJAS EXPENSAS - BALCÓN FRANCÉS - COCINA SEPARADA COMPLETA - BAÑO COMPLETO - PISOS DE CERÁMICOS - EXCELENTE UBICACIÓN. Nota: debido al proceso inflacionario, se recomienda consultar últimos valores de expensas actualizados.- Para los casos de alquiler de vivienda, el monto máximo de comisión que se le puede requerir a los propietarios será el equivalente al cuatro con quince centésimos por ciento (4,15%) del valor total del respectivo contrato. Se encuentra prohibido cobrar a los inquilinos que sean personas físicas comisiones inmobiliarias y gastos de gestoría de informes- LORIA Inmobiliaria: MATRICULAS CPI 1300/8528. CABA.- XINTEL(LOR-LOR-1897);ZonaProp
https://www.remax.com.ar/listings/alquiler-monoambiente-a-estrenar-villa-urquiza;ALQUILER MONOAMBIENTE A ESTRENAR VILLA URQUIZA;500.000 ARS;50.000 ARS;Parque Chas;Avenida de los Incas 4500, Parque Chas, Capital Federal;27.0;1.0;;1.0;0.0;0.0;;"Alquiler de moderno departamento monoambiente a estrenar sobre Avenida de los Inca a metros del subte B.

Hermoso departamento  semi-amueblado en cuarto piso lateral y muy luminoso , con aire acondicionado Frío-Calor, portero eléctrico con visor con control de  cámara y  entrada al edificio desde la aplicación del celular.

Cocina integrada de moderno diseño con muebles de primera calidad , anafe y horno eléctrico.
Agua caliente central.
Baño completo con bañera.

El edificio cuenta con Laundry y paga muy bajas expensas .
Zona inmejorable en ubicación privilegiada por sus accesos al subte y medios de transporte.

Requisitos:

Contrato de alquiler a 2 años con ajuste trimestral según IPC (INDEC)
Comprobante de Ingresos
Garantía propietaria de CABA o seguro de caución
1 mes de adelanto
1 mes de depósito en garantía



UF 15
Para los casos de alquiler de vivienda, el monto máximo de comisión que se le puede requerir a los propietarios será el equivalente al cuatro con quince centésimos por ciento (4,15%) del valor total del respectivo contrato. Se encuentra prohibido cobrar a los inquilinos que sean personas físicas comisiones inmobiliarias y gastos de gestoría de informes.";Remax
https://www.remax.com.ar/listings/alquiler-monoambiente-luminoso-boedo;ALQUILER MONOAMBIENTE LUMINOSO BOEDO;320.000 ARS;60.000 ARS;Boedo;Inclán 4200, Boedo, Capital Federal;17.81;1.0;;1.0;0.0;43.0;;"ALQUILER MONOAMBIENTE LUMINOSO FLORES!

Lindo monoambiente y acogedor en Boedo, el mismo está al contrafrente, lo que hace que tenga muy buena luz y ventilación. Es un edificio en muy buen estado de mantenimiento. Ubicado en un septimo piso
El departamento cuenta con baño completo refaccionado a nuevo, cocina a gas y ventanal con cortinas.
La ubicación es muy buena, a una cuadras Av. La Plata, cerca del Subte y muchas lineas de colectivos. Listo para mudarse!

Las condiciones para alquilar son :
- El alquiler es por 2 años con la posibilidad de renovar .
- Seguro de caucion WORANZ
- Mes de adelanto (Valor Locativo)
- Depósito en dólares (300 usd)
- ⁠Demostración de ingresos
- Los servicios y expensas ordinarias los paga 100% el inquilino
- NO se aceptan mascotas
- Actualización trimestral por índice de IPC

Para los casos de alquiler de vivienda, el monto máximo de comisión que se le puede requerir a los propietarios será el equivalente al cuatro con quince centésimos por ciento (4,15%) del valor total del respectivo contrato. Se encuentra prohibido cobrar a los inquilinos que sean personas físicas comisiones inmobiliarias y gastos de gestoría de Remax Argentina S.R.L. no ejerce el corretaje inmobiliario. El presente sitio web es una plataforma en donde cada oficina inmobiliaria independiente que contrata los servicios RE/MAX puede publicar las propiedades a su cargo. Cada oficina es de propiedad y gestión independiente, por lo que Remax Argentina S.R.L no interviene en los datos de la publicación, en la operación inmobiliaria, ni en la confección y/o firma del boleto de compraventa y/o escritura y/o contrato de alquiler. En cumplimiento de las leyes vigentes que regulan el corretaje inmobiliario, Ley Nacional 25.028, Ley 22.802 de Lealtad Comercial, Ley 24.240 de Defensa al Consumidor, las normas del Código Civil y Comercial de la Nación y Constitucionales, los agentes/gestores NO ejercen el corretaje inmobiliario. Todas las operaciones inmobiliarias son objeto de intermediación y conclusión por parte del corredor público inmobiliario colegiado a cargo de la publicación, cuyos datos se exhiben en la presente. La presente publicación describe las características esenciales del inmueble, debiéndose consultar al corredor público inmobiliario responsable de la operación por la eventual actualización de las medidas, descripciones arquitectónicas y funcionales, valores de expensas, servicios, impuestos, precios y demás información, cuyos valores son aproximados. Para los casos de alquiler de vivienda, el monto máximo de comisión que se le puede requerir a los propietarios será el equivalente al cuatro con quince centésimos por ciento (4,15%) del valor total del respectivo contrato. Se encuentra prohibido cobrar a los inquilinos que sean personas físicas comisiones inmobiliarias y gastos de gestoría de informes.


NOS VEMOS EN LA CIMA !!!!


EL MOMENTO DE MUDARTE ES AHORA!!!   



AVISO LEGAL: Corredor responsable María Patricia Sodor CUCICBA 5414 / CSI 6061. En cumplimiento de las normas legales aplicables, todas las operaciones inmobiliarias son concluidas por el corredor inmobiliario matriculado y colegiado de la oficina RE/MAX. Cada oficina es de gestión independiente. En cumplimiento de la ley 2340 CUCICBA, Ley 10973 Pcia Bs As, Ley 22.802 de Lealtad Comercial, Ley 24240 de Defensa del Consumidor, las normas del Código Civil y Comercial de la Nación y Constitucionales, los Agentes NO ejercen el corretaje inmobiliario. Todas las operaciones inmobiliarias son objeto de intermediación y conclusión por parte de los martilleros y corredores colegiados, cuyos datos se exhiben debajo del nombre de la inmobiliaria.
Para los casos de alquiler de vivienda, el monto máximo de comisión que se le puede requerir a los propietarios será el equivalente al cuatro con quince centésimos por ciento (4,15%) del valor total del respectivo contrato. Se encuentra prohibido cobrar a los inquilinos que sean personas físicas comisiones inmobiliarias y gastos de gestoría de informes.";Remax
https://www.remax.com.ar/listings/alquiler-depto-3-ambientes-parque-avellaneda;ALQUILER DEPTO 3 AMBIENTES PARQUE AVELLANEDA;550.000 ARS;78.600 ARS;Parque Avellaneda;Avenida Juan Bautista Alberdi 4800, Parque Avellaneda, Capital Federal;51.0;3.0;2.0;1.0;0.0;8.0;;"Departamento de 3 ambientes, sobre Avenida Juan Bautista Alberdi., en el barrio de Parque Avellaneda.


CONTRATO: 24 MESES, AJUSTE TRISMESTRAL POR IPC. 
SEGURO DE CAUCIÓN EXCLUYENTE ( SÍ O SÍ )
PARA INGRESO: 
1 MES DE ADELANTO : $550.000
1 MES DE DEPOSITO: $550.000 
TOTAL: $1.100.000
SE ACEPTAN MASCOTAS PEQUEÑAS. 
 
 - Living comedor
- Cocina independiente con buen lugar de guardado.
-  Lavadero, conexión para lavarropas.
- Baño completo.
- Dormitorio principal con placard , con buenos interiores, puertas espejadas, ventilador de techo y  aire acondicionado.
- Segundo dormitorio con aire acondicionado.
 Todos los ambientes con ventanas al pulmón del edificio, con red de contención. 
 Ubicado sobre Avenida, con variedad de medios de transporte, colegios públicos y privados, tanto nivel primario como secundario, zona comercial. 
Digno de ver en precio y calidad. 
No Accesible para personas con discapacidad física LEY 5115.


/////////////////////////////////////////////////////////////////////////////////////////////////////////////////////////////////////////////////////////////////////////////

3-room apartment on Juan Bautista Alberdi Avenue, in the Parque Avellaneda neighborhood.


CONTRACT: 24 MONTHS, QUARTERLY ADJUSTMENT BY CPI.
SURETY INSURANCE EXCLUSIVE (YES OR YES)
FOR MOVE-INS:
1 MONTH ADVANCE: $550,000
1 MONTH DEPOSIT: $550,000
TOTAL: $1,100,000
SMALL PETS ACCEPTED.

- Living and dining room
- Separate kitchen with plenty of storage space
- Laundry space
- Full bathroom
- Master bedroom with closet and air conditioning
- Second bedroom with air conditioning
- All rooms have windows overlooking the building's natural light.

Located on the avenue, with a variety of transportation options, public and private schools (both primary and secondary), and a shopping area.
Worth seeing for its price and quality.
Not accessible for people with physical disabilities, according to Law 5115.


Para los casos de alquiler de vivienda, el monto máximo de comisión que se le puede requerir a los propietarios será el equivalente al cuatro con quince centésimos por ciento (4,15%) del valor total del respectivo contrato. Se encuentra prohibido cobrar a los inquilinos que sean personas físicas comisiones inmobiliarias y gastos de gestoría de informes.";Remax
https://www.zonaprop.com.ar/propiedades/clasificado/alclapin-alquiler!-monoambiente-con-patio-en-palermo!-56147927.html;Alquiler! Monoambiente con Patio en Palermo!;alquiler USD 600;Expensas $ 95.000;Palermo;Paraguay al 3600,  Palermo, Capital Federal;39.0;1.0;;1.0;;60.0;;Alquiler! Monoambiente con Patio en pleno Palermo!Hecho a nuevo! Amoblado tal como se ve en fotos Cómodo ambiente dividido con salida al patio!Hall de recepción con placard de dos hojas.Cocina integrada con anafe dual eléctrico y espacio para heladera bajo mesadaBaño completoPatio de 14m2 con lavadero incorporado! Edificio de 8 pisos con 4 unidades en cada uno de ellos. Ubicado en pleno barrio de Palermo este monoambiente se encuentra sobre la calle Paraguay entre Vidt y Bulnes.A dos cuadras del Boulevard CharcasA cuatro cuadras de Av. Santa Fe donde se encuentran tanto el subte Linea D y multiples lineas de colectivo. Zona residencial y comercial, de transito constante y muy buscada por turistas. Destacada por su seguridad y su diversidad en cuanto a restaurantes, bares y cafes. REQUISITOS:- 1 Mes de adelanto.- 1 Mes de depósito.- Contrato de 6 meses. - No se aceptan mascotas.- Honorarios inmobiliarios correspondientes a 1 mes de alquiler, a cargo del inquilino. Matias Psevoznik MATRÍCULA CUCICBA N° 7733 Aviso legal: Las medidas, superficies y proporciones consignadas son aproximadas y al sólo efecto orientativo y pueden variar respecto del plano y titulo de propiedad respectivos, al igual que las medidas parciales y/o de los ambientes que están sujetas a verificación y/o ajuste.- El valor indicado de expensas, si las hubiere, está sujeto a variación.- Los valores pueden ser modificados sin previo aviso.- Las fotos publicadas son ilustrativas, no contractuales y propiedad de Tovado Propiedades.- .;ZonaProp
https://www.remax.com.ar/listings/alquiler-imperdible-2-amb-doble-balcon-belgrano-1;;;;;;0.0;;;;0.0;;;;Remax
